20230224_22_31,https://www.youtube.com/watch?v=roeiPOOL_Os
20230223_22_33,https://www.youtube.com/watch?v=KwaVQNq8GcI
20230215_22_03,https://www.youtube.com/watch?v=HSqe3cuu25Q
20230211_21_36,https://www.youtube.com/watch?v=tKwD2lG4iAs
20230210_22_04,https://www.youtube.com/watch?v=lqhX1pWUwqs
20230207_21_02,https://www.youtube.com/watch?v=77gysHOU7z0
20230201_21_03,https://www.youtube.com/watch?v=e2XEepV_vpY
20230125_21_02,https://www.youtube.com/watch?v=BQU1sOElkVo
20230121_20_01,https://www.youtube.com/watch?v=6zNTx7ZU2RI
20230118_21_01,https://www.youtube.com/watch?v=qlx2vpABY_c
20230117_17_31,https://www.youtube.com/watch?v=K_LhBYiBDfc
20230113_21_01,https://www.youtube.com/watch?v=XYdj64SKQ9k
20221221_19_02,https://www.youtube.com/watch?v=fKnBUFDQpkM
20221216_19_32,https://www.youtube.com/watch?v=l6h5cgDcgeg
20221214_22_30,https://www.youtube.com/watch?v=WAEJrZDNxOo
20221211_21_01,https://www.youtube.com/watch?v=_EZLXLB7OkM
20221207_21_03,https://www.youtube.com/watch?v=83S2JEBOmq8
20221005_21_05,https://www.youtube.com/watch?v=lHYwK2EHUYY
20221004_21_03,https://www.youtube.com/watch?v=HbUDsi9SKO8
20221003_21_31,https://www.youtube.com/watch?v=FEcX9M4R6KA
20220929_19_39,https://www.youtube.com/watch?v=uIqV_VKNLUs
20220927_21_32,https://www.youtube.com/watch?v=hr1-z6-joaM
20220925_21_34,https://www.youtube.com/watch?v=EUDsaYRz3bI
20220921_21_02,https://www.youtube.com/watch?v=FtxpYJ_D8JM
20220919_20_02,https://www.youtube.com/watch?v=xETLcklx0zc
20220918_09_01,https://www.youtube.com/watch?v=4Vdwiu-mi08
20220914_22_32,https://www.youtube.com/watch?v=ZvXkioTrc3c
20220910_20_02,https://www.youtube.com/watch?v=h6DHNODQQ3I
20220909_21_32,https://www.youtube.com/watch?v=OWdpVtYm7yw
20220902_21_02,https://www.youtube.com/watch?v=guQNKYLP-Xw
20220901_21_03,https://www.youtube.com/watch?v=HGqo4bAKcdM
20220830_20_02,https://www.youtube.com/watch?v=zY7dwlq9tCU
20220828_21_03,https://www.youtube.com/watch?v=ioH2XuSrxZo
20220824_23_04,https://www.youtube.com/watch?v=PMZWe3eXGTA
20220823_22_33,https://www.youtube.com/watch?v=Zk8Cvfr939g
20220822_22_31,https://www.youtube.com/watch?v=vvw9-wbneDQ
20220820_22_34,https://www.youtube.com/watch?v=3poMtF--JdY
20220818_18_32_星谷美来,https://www.youtube.com/watch?v=UhjYSKsa0bg
20220816_21_32,https://www.youtube.com/watch?v=whBLyyZbMZY
20220814_21_32_星谷美来,https://www.youtube.com/watch?v=5zOICIY0BLw
20220813_21_37_籾山ひめり,https://www.youtube.com/watch?v=ASn4EMfL3ug
20220810_22_31,https://www.youtube.com/watch?v=JtuNjcrtfnU
20220808_22_01,https://www.youtube.com/watch?v=AFjY2T_yFiA
jdol_20220805_21_01,https://www.youtube.com/watch?v=W_uztjpvETM
jdol_20220731_22_16,https://www.youtube.com/watch?v=91obLr-GgvI
jdol_20220728_22_02,https://www.youtube.com/watch?v=nd5dCq7TUMU
jdol_20220727_17_31,https://www.youtube.com/watch?v=UUPQswEZX8E
jdol_20220718_21_32,https://www.youtube.com/watch?v=t1KlGoVj9HY
jdol_20220716_21_01,https://www.youtube.com/watch?v=K5hUuCz555A
jdol_20220714_22_00,https://www.youtube.com/watch?v=yoCNyil954w
jdol_20220713_22_02,https://www.youtube.com/watch?v=WqYP4MxT1Es
jdol_20220712_20_00,https://www.youtube.com/watch?v=7sAFiVK_oUE